<?xml version='1.0' encoding='utf-8'?>

<!DOCTYPE hibernate-configuration PUBLIC
        "-//Hibernate/Hibernate Configuration DTD 3.0//EN"
        "http://www.hibernate.org/dtd/hibernate-configuration-3.0.dtd">

<hibernate-configuration>
    <session-factory>
        <!-- local connection properties -->
        <property name="hibernate.connection.url">jdbc:mysql://51.68.227.19:3306/mmk_test</property>
        <property name="hibernate.connection.driver_class">com.mysql.cj.jdbc.Driver</property>
        <property name="hibernate.connection.username">mmk</property>
        <property name="hibernate.connection.password">!9skSJ6@2a</property>
        <property name="hibernate.connection.pool_size">10</property>

        <!-- dialect for MySQL -->
        <property name="dialect">org.hibernate.dialect.MySQLDialect</property>

        <property name="hibernate.show_sql">true</property>
        <property name="cache.provider_class">org.hibernate.cache.NoCacheProvider</property>
        <property name="cache.use_query_cache">false</property>

        <mapping class="mmk.model.world.Board" />
        <mapping class="mmk.model.world.Save" />
        <mapping class="mmk.model.personnage.hero.Hero" />
        <mapping class="mmk.model.personnage.monster.Monster" />
        <mapping class="mmk.model.item.StaticItem" />
        <mapping class="mmk.model.item.equipable.armor.Armor" />
        <mapping class="mmk.model.item.equipable.weapon.Weapon" />
        <mapping class="mmk.model.personnage.Character" />
        <mapping class="mmk.model.personnage.StaticCharacter" />
        <mapping class="mmk.model.item.Inventory" />
        <mapping class="mmk.model.item.equipable.armor.StaticArmor" />
        <mapping class="mmk.model.item.equipable.weapon.StaticWeapon" />

    </session-factory>
</hibernate-configuration>