[
  
	{	"id" : 3 ,
		"data" : {
			"gold" : {
			"amount" : 25,
			"chance" : 25
			},
			"weapon" : {
				"id" : 4,
				"amount" : 1,
				"chance" : 5
			},
			"armor" : {
				"id" : 6,
				"amount" : 1,
				"chance" : 15
			},
			"carte" : {
				"amount" : 1,
				"chance" : 2
			}
		}
	},
	{
		"id" : 4 ,
		"data"	: {
			"weapon" : {
				"id" : 6,
				"amount" : 1,
				"chance" : 50			
			},
			"consumable" : {
				"id" : 1,
				"amount" : 1,
				"chance" : 30
			},
			"gold" : {
				"amount" : 35,
				"chance" : 35
			}
		}
	
	}
]